{
  "id": "contrib_clf_3_1748303494",
  "timestamp": "2025-05-26T17:51:33.610100",
  "tipo_modelo": "unknown",
  "num_parametros": 5,
  "metricas_validacion": {
    "accuracy": 0.67,
    "precision": 0.6523701298701299,
    "recall": 0.67,
    "f1": 0.6340601929000657
  },
  "num_muestras": 400
}