{
  "id": "contrib_clf_4_1748301935",
  "timestamp": "2025-05-26T17:25:34.603924",
  "tipo_modelo": "unknown",
  "num_parametros": 5,
  "metricas_validacion": {
    "accuracy": 0.82,
    "precision": 0.8074040404040403,
    "recall": 0.82,
    "f1": 0.7980812992626494
  },
  "num_muestras": 400
}