{
  "id": "contrib_clf_3_1748301935",
  "timestamp": "2025-05-26T17:25:33.951697",
  "tipo_modelo": "unknown",
  "num_parametros": 5,
  "metricas_validacion": {
    "accuracy": 0.68,
    "precision": 0.5619549091259618,
    "recall": 0.68,
    "f1": 0.6093177233471352
  },
  "num_muestras": 400
}