{
  "id": "contrib_clf_2_1748301935",
  "timestamp": "2025-05-26T17:25:33.366618",
  "tipo_modelo": "unknown",
  "num_parametros": 5,
  "metricas_validacion": {
    "accuracy": 0.76,
    "precision": 0.8048809523809524,
    "recall": 0.76,
    "f1": 0.7436208972822246
  },
  "num_muestras": 400
}