{
  "tipo_modelo": "clasificacion_viajero",
  "parametros_agregados": {},
  "num_contribuciones": 4,
  "metricas_agregadas": {
    "accuracy": 0.7425,
    "precision": 0.7249865933615934,
    "recall": 0.7425,
    "f1": 0.7119866187248294
  },
  "timestamp_agregacion": "2025-05-26T17:51:34.528326",
  "confianza": 0.297,
  "version": "1.0"
}